{
    "macd_fast": 10,
    "macd_slow": 27,
    "macd_signal": 15,
    "bbands_period": 23,
    "bbands_std_dev": 2.4392829401343654,
    "rsi_period": 13,
    "atr_period": 12,
    "stoch_k": 19,
    "sl_atr": 2.636937599971628,
    "tp_atr": 6.622632866404651,
    "meta_label_horizon": 45,
    "model_type": "gru",
    "seq_length": 63,
    "batch_size": 32,
    "learning_rate": 0.000469021578474575,
    "hidden_size": 64,
    "num_layers": 8,
    "dropout": 0.12756306833906048,
    "classification_weight": 1.6031455265551124,
    "regression_weight": 0.9682022162802715,
    "duration_weight": 0.7382046667317946,
    "p_dropout": 0.21475438730487262,
    "sl_pct": 0.6095853405248824,
    "tp_pct": 1.5309652799831117
}