{
    "mse": 0.0012422256404533982,
    "rmse": 0.035245221526519,
    "mae": 0.01811964437365532,
    "r2_score": -0.008953213691711426,
    "test_set_size": 535
}