{
    "mse": 4.437933512235759e-06,
    "rmse": 0.002106640337655139,
    "mae": 0.0015249605057761073,
    "r2_score": -0.5063827037811279
}