{
    "timestamp": "2025-07-06T21:55:16.427254",
    "model_type": "IsolationForest",
    "contamination_rate": 0.10227272727272728,
    "best_threshold": -0.11246292895187687,
    "best_f1_score": 0.35000000000000003,
    "roc_auc": 0.6003787878787878,
    "classification_report": {
        "0": {
            "precision": 0.9090909090909091,
            "recall": 0.45454545454545453,
            "f1-score": 0.6060606060606061,
            "support": 88.0
        },
        "1": {
            "precision": 0.22580645161290322,
            "recall": 0.7777777777777778,
            "f1-score": 0.35,
            "support": 18.0
        },
        "accuracy": 0.5094339622641509,
        "macro avg": {
            "precision": 0.5674486803519061,
            "recall": 0.6161616161616161,
            "f1-score": 0.478030303030303,
            "support": 106.0
        },
        "weighted avg": {
            "precision": 0.7930614729153986,
            "recall": 0.5094339622641509,
            "f1-score": 0.5625786163522013,
            "support": 106.0
        }
    },
    "feature_names": [
        "rsi",
        "stoch",
        "macd",
        "macd_signal",
        "stoch_k",
        "stoch_d",
        "stoch_smooth_k",
        "atr",
        "bb_bbm",
        "bb_bbh",
        "bb_bbl",
        "ma_short",
        "ma_long",
        "roc",
        "atr_ratio",
        "volume_ratio"
    ]
}